--
-- PostgreSQL database dump
--

-- Dumped from database version 15.12
-- Dumped by pg_dump version 15.12

-- Started on 2025-04-10 17:17:35

SET statement_timeout = 0;
SET lock_timeout = 0;
SET idle_in_transaction_session_timeout = 0;
SET client_encoding = 'UTF8';
SET standard_conforming_strings = on;
SELECT pg_catalog.set_config('search_path', '', false);
SET check_function_bodies = false;
SET xmloption = content;
SET client_min_messages = warning;
SET row_security = off;

SET default_tablespace = '';

SET default_table_access_method = heap;

--
-- TOC entry 238 (class 1259 OID 32769)
-- Name: admin; Type: TABLE; Schema: public; Owner: postgres
--

CREATE TABLE public.admin (
    id integer NOT NULL,
    username character varying(100) NOT NULL,
    role character varying(20) NOT NULL,
    password character varying(255) NOT NULL,
    plain_password character varying(150) NOT NULL,
    created_at timestamp with time zone NOT NULL,
    last_login timestamp with time zone
);


ALTER TABLE public.admin OWNER TO postgres;

--
-- TOC entry 221 (class 1259 OID 16425)
-- Name: auth_group; Type: TABLE; Schema: public; Owner: postgres
--

CREATE TABLE public.auth_group (
    id integer NOT NULL,
    name character varying(150) NOT NULL
);


ALTER TABLE public.auth_group OWNER TO postgres;

--
-- TOC entry 220 (class 1259 OID 16424)
-- Name: auth_group_id_seq; Type: SEQUENCE; Schema: public; Owner: postgres
--

ALTER TABLE public.auth_group ALTER COLUMN id ADD GENERATED BY DEFAULT AS IDENTITY (
    SEQUENCE NAME public.auth_group_id_seq
    START WITH 1
    INCREMENT BY 1
    NO MINVALUE
    NO MAXVALUE
    CACHE 1
);


--
-- TOC entry 223 (class 1259 OID 16433)
-- Name: auth_group_permissions; Type: TABLE; Schema: public; Owner: postgres
--

CREATE TABLE public.auth_group_permissions (
    id bigint NOT NULL,
    group_id integer NOT NULL,
    permission_id integer NOT NULL
);


ALTER TABLE public.auth_group_permissions OWNER TO postgres;

--
-- TOC entry 222 (class 1259 OID 16432)
-- Name: auth_group_permissions_id_seq; Type: SEQUENCE; Schema: public; Owner: postgres
--

ALTER TABLE public.auth_group_permissions ALTER COLUMN id ADD GENERATED BY DEFAULT AS IDENTITY (
    SEQUENCE NAME public.auth_group_permissions_id_seq
    START WITH 1
    INCREMENT BY 1
    NO MINVALUE
    NO MAXVALUE
    CACHE 1
);


--
-- TOC entry 219 (class 1259 OID 16419)
-- Name: auth_permission; Type: TABLE; Schema: public; Owner: postgres
--

CREATE TABLE public.auth_permission (
    id integer NOT NULL,
    name character varying(255) NOT NULL,
    content_type_id integer NOT NULL,
    codename character varying(100) NOT NULL
);


ALTER TABLE public.auth_permission OWNER TO postgres;

--
-- TOC entry 218 (class 1259 OID 16418)
-- Name: auth_permission_id_seq; Type: SEQUENCE; Schema: public; Owner: postgres
--

ALTER TABLE public.auth_permission ALTER COLUMN id ADD GENERATED BY DEFAULT AS IDENTITY (
    SEQUENCE NAME public.auth_permission_id_seq
    START WITH 1
    INCREMENT BY 1
    NO MINVALUE
    NO MAXVALUE
    CACHE 1
);


--
-- TOC entry 225 (class 1259 OID 16439)
-- Name: auth_user; Type: TABLE; Schema: public; Owner: postgres
--

CREATE TABLE public.auth_user (
    id integer NOT NULL,
    password character varying(128) NOT NULL,
    last_login timestamp with time zone,
    is_superuser boolean NOT NULL,
    username character varying(150) NOT NULL,
    first_name character varying(150) NOT NULL,
    last_name character varying(150) NOT NULL,
    email character varying(254) NOT NULL,
    is_staff boolean NOT NULL,
    is_active boolean NOT NULL,
    date_joined timestamp with time zone NOT NULL
);


ALTER TABLE public.auth_user OWNER TO postgres;

--
-- TOC entry 227 (class 1259 OID 16447)
-- Name: auth_user_groups; Type: TABLE; Schema: public; Owner: postgres
--

CREATE TABLE public.auth_user_groups (
    id bigint NOT NULL,
    user_id integer NOT NULL,
    group_id integer NOT NULL
);


ALTER TABLE public.auth_user_groups OWNER TO postgres;

--
-- TOC entry 226 (class 1259 OID 16446)
-- Name: auth_user_groups_id_seq; Type: SEQUENCE; Schema: public; Owner: postgres
--

ALTER TABLE public.auth_user_groups ALTER COLUMN id ADD GENERATED BY DEFAULT AS IDENTITY (
    SEQUENCE NAME public.auth_user_groups_id_seq
    START WITH 1
    INCREMENT BY 1
    NO MINVALUE
    NO MAXVALUE
    CACHE 1
);


--
-- TOC entry 224 (class 1259 OID 16438)
-- Name: auth_user_id_seq; Type: SEQUENCE; Schema: public; Owner: postgres
--

ALTER TABLE public.auth_user ALTER COLUMN id ADD GENERATED BY DEFAULT AS IDENTITY (
    SEQUENCE NAME public.auth_user_id_seq
    START WITH 1
    INCREMENT BY 1
    NO MINVALUE
    NO MAXVALUE
    CACHE 1
);


--
-- TOC entry 229 (class 1259 OID 16453)
-- Name: auth_user_user_permissions; Type: TABLE; Schema: public; Owner: postgres
--

CREATE TABLE public.auth_user_user_permissions (
    id bigint NOT NULL,
    user_id integer NOT NULL,
    permission_id integer NOT NULL
);


ALTER TABLE public.auth_user_user_permissions OWNER TO postgres;

--
-- TOC entry 228 (class 1259 OID 16452)
-- Name: auth_user_user_permissions_id_seq; Type: SEQUENCE; Schema: public; Owner: postgres
--

ALTER TABLE public.auth_user_user_permissions ALTER COLUMN id ADD GENERATED BY DEFAULT AS IDENTITY (
    SEQUENCE NAME public.auth_user_user_permissions_id_seq
    START WITH 1
    INCREMENT BY 1
    NO MINVALUE
    NO MAXVALUE
    CACHE 1
);


--
-- TOC entry 240 (class 1259 OID 32777)
-- Name: blog; Type: TABLE; Schema: public; Owner: postgres
--

CREATE TABLE public.blog (
    id integer NOT NULL,
    title character varying(255) NOT NULL,
    type character varying(20) NOT NULL,
    first text NOT NULL,
    second text NOT NULL,
    conclusion text NOT NULL,
    image character varying(100) NOT NULL,
    submitted_at timestamp with time zone NOT NULL,
    updated_at timestamp with time zone NOT NULL
);


ALTER TABLE public.blog OWNER TO postgres;

--
-- TOC entry 239 (class 1259 OID 32776)
-- Name: blog_id_seq; Type: SEQUENCE; Schema: public; Owner: postgres
--

ALTER TABLE public.blog ALTER COLUMN id ADD GENERATED BY DEFAULT AS IDENTITY (
    SEQUENCE NAME public.blog_id_seq
    START WITH 1
    INCREMENT BY 1
    NO MINVALUE
    NO MAXVALUE
    CACHE 1
);


--
-- TOC entry 231 (class 1259 OID 16511)
-- Name: django_admin_log; Type: TABLE; Schema: public; Owner: postgres
--

CREATE TABLE public.django_admin_log (
    id integer NOT NULL,
    action_time timestamp with time zone NOT NULL,
    object_id text,
    object_repr character varying(200) NOT NULL,
    action_flag smallint NOT NULL,
    change_message text NOT NULL,
    content_type_id integer,
    user_id integer NOT NULL,
    CONSTRAINT django_admin_log_action_flag_check CHECK ((action_flag >= 0))
);


ALTER TABLE public.django_admin_log OWNER TO postgres;

--
-- TOC entry 230 (class 1259 OID 16510)
-- Name: django_admin_log_id_seq; Type: SEQUENCE; Schema: public; Owner: postgres
--

ALTER TABLE public.django_admin_log ALTER COLUMN id ADD GENERATED BY DEFAULT AS IDENTITY (
    SEQUENCE NAME public.django_admin_log_id_seq
    START WITH 1
    INCREMENT BY 1
    NO MINVALUE
    NO MAXVALUE
    CACHE 1
);


--
-- TOC entry 217 (class 1259 OID 16411)
-- Name: django_content_type; Type: TABLE; Schema: public; Owner: postgres
--

CREATE TABLE public.django_content_type (
    id integer NOT NULL,
    app_label character varying(100) NOT NULL,
    model character varying(100) NOT NULL
);


ALTER TABLE public.django_content_type OWNER TO postgres;

--
-- TOC entry 216 (class 1259 OID 16410)
-- Name: django_content_type_id_seq; Type: SEQUENCE; Schema: public; Owner: postgres
--

ALTER TABLE public.django_content_type ALTER COLUMN id ADD GENERATED BY DEFAULT AS IDENTITY (
    SEQUENCE NAME public.django_content_type_id_seq
    START WITH 1
    INCREMENT BY 1
    NO MINVALUE
    NO MAXVALUE
    CACHE 1
);


--
-- TOC entry 215 (class 1259 OID 16403)
-- Name: django_migrations; Type: TABLE; Schema: public; Owner: postgres
--

CREATE TABLE public.django_migrations (
    id bigint NOT NULL,
    app character varying(255) NOT NULL,
    name character varying(255) NOT NULL,
    applied timestamp with time zone NOT NULL
);


ALTER TABLE public.django_migrations OWNER TO postgres;

--
-- TOC entry 214 (class 1259 OID 16402)
-- Name: django_migrations_id_seq; Type: SEQUENCE; Schema: public; Owner: postgres
--

ALTER TABLE public.django_migrations ALTER COLUMN id ADD GENERATED BY DEFAULT AS IDENTITY (
    SEQUENCE NAME public.django_migrations_id_seq
    START WITH 1
    INCREMENT BY 1
    NO MINVALUE
    NO MAXVALUE
    CACHE 1
);


--
-- TOC entry 232 (class 1259 OID 16539)
-- Name: django_session; Type: TABLE; Schema: public; Owner: postgres
--

CREATE TABLE public.django_session (
    session_key character varying(40) NOT NULL,
    session_data text NOT NULL,
    expire_date timestamp with time zone NOT NULL
);


ALTER TABLE public.django_session OWNER TO postgres;

--
-- TOC entry 237 (class 1259 OID 32768)
-- Name: myadmin_myadmin_id_seq; Type: SEQUENCE; Schema: public; Owner: postgres
--

ALTER TABLE public.admin ALTER COLUMN id ADD GENERATED BY DEFAULT AS IDENTITY (
    SEQUENCE NAME public.myadmin_myadmin_id_seq
    START WITH 1
    INCREMENT BY 1
    NO MINVALUE
    NO MAXVALUE
    CACHE 1
);


--
-- TOC entry 242 (class 1259 OID 40961)
-- Name: pdf_bill; Type: TABLE; Schema: public; Owner: postgres
--

CREATE TABLE public.pdf_bill (
    id integer NOT NULL,
    fid character varying(25) NOT NULL,
    fdata bytea NOT NULL,
    token character varying(255) NOT NULL,
    created_at timestamp with time zone NOT NULL
);


ALTER TABLE public.pdf_bill OWNER TO postgres;

--
-- TOC entry 241 (class 1259 OID 40960)
-- Name: pdf_pdf_id_seq; Type: SEQUENCE; Schema: public; Owner: postgres
--

ALTER TABLE public.pdf_bill ALTER COLUMN id ADD GENERATED BY DEFAULT AS IDENTITY (
    SEQUENCE NAME public.pdf_pdf_id_seq
    START WITH 1
    INCREMENT BY 1
    NO MINVALUE
    NO MAXVALUE
    CACHE 1
);


--
-- TOC entry 234 (class 1259 OID 24577)
-- Name: urmilafoundation_contact; Type: TABLE; Schema: public; Owner: postgres
--

CREATE TABLE public.urmilafoundation_contact (
    id integer NOT NULL,
    name character varying(255) NOT NULL,
    email character varying(254) NOT NULL,
    phone character varying(15) NOT NULL,
    message text NOT NULL,
    submitted_at timestamp with time zone NOT NULL
);


ALTER TABLE public.urmilafoundation_contact OWNER TO postgres;

--
-- TOC entry 233 (class 1259 OID 24576)
-- Name: urmilafoundation_contact_id_seq; Type: SEQUENCE; Schema: public; Owner: postgres
--

ALTER TABLE public.urmilafoundation_contact ALTER COLUMN id ADD GENERATED BY DEFAULT AS IDENTITY (
    SEQUENCE NAME public.urmilafoundation_contact_id_seq
    START WITH 1
    INCREMENT BY 1
    NO MINVALUE
    NO MAXVALUE
    CACHE 1
);


--
-- TOC entry 236 (class 1259 OID 24585)
-- Name: urmilafoundation_join; Type: TABLE; Schema: public; Owner: postgres
--

CREATE TABLE public.urmilafoundation_join (
    id integer NOT NULL,
    name character varying NOT NULL,
    email character varying(255) NOT NULL,
    phone character varying(15) NOT NULL,
    address character varying(255) NOT NULL,
    occupation character varying(100) NOT NULL,
    message text NOT NULL,
    submitted_at timestamp with time zone NOT NULL
);


ALTER TABLE public.urmilafoundation_join OWNER TO postgres;

--
-- TOC entry 235 (class 1259 OID 24584)
-- Name: urmilafoundation_join_id_seq; Type: SEQUENCE; Schema: public; Owner: postgres
--

ALTER TABLE public.urmilafoundation_join ALTER COLUMN id ADD GENERATED BY DEFAULT AS IDENTITY (
    SEQUENCE NAME public.urmilafoundation_join_id_seq
    START WITH 1
    INCREMENT BY 1
    NO MINVALUE
    NO MAXVALUE
    CACHE 1
);


--
-- TOC entry 3475 (class 0 OID 32769)
-- Dependencies: 238
-- Data for Name: admin; Type: TABLE DATA; Schema: public; Owner: postgres
--

COPY public.admin (id, username, role, password, plain_password, created_at, last_login) FROM stdin;
3	admin	admin	pbkdf2_sha256$870000$ZhPTCTkTfRRxpP5GR4pgWe$6a4hgf3C4dDmVGGjOVPh57ZrZgMD7/aFtOVD8pYT1yY=	admin@123	2025-04-05 15:25:52.093761+05:30	2025-04-09 16:14:44.307923+05:30
\.


--
-- TOC entry 3458 (class 0 OID 16425)
-- Dependencies: 221
-- Data for Name: auth_group; Type: TABLE DATA; Schema: public; Owner: postgres
--

COPY public.auth_group (id, name) FROM stdin;
\.


--
-- TOC entry 3460 (class 0 OID 16433)
-- Dependencies: 223
-- Data for Name: auth_group_permissions; Type: TABLE DATA; Schema: public; Owner: postgres
--

COPY public.auth_group_permissions (id, group_id, permission_id) FROM stdin;
\.


--
-- TOC entry 3456 (class 0 OID 16419)
-- Dependencies: 219
-- Data for Name: auth_permission; Type: TABLE DATA; Schema: public; Owner: postgres
--

COPY public.auth_permission (id, name, content_type_id, codename) FROM stdin;
1	Can add log entry	1	add_logentry
2	Can change log entry	1	change_logentry
3	Can delete log entry	1	delete_logentry
4	Can view log entry	1	view_logentry
5	Can add permission	2	add_permission
6	Can change permission	2	change_permission
7	Can delete permission	2	delete_permission
8	Can view permission	2	view_permission
9	Can add group	3	add_group
10	Can change group	3	change_group
11	Can delete group	3	delete_group
12	Can view group	3	view_group
13	Can add user	4	add_user
14	Can change user	4	change_user
15	Can delete user	4	delete_user
16	Can view user	4	view_user
17	Can add content type	5	add_contenttype
18	Can change content type	5	change_contenttype
19	Can delete content type	5	delete_contenttype
20	Can view content type	5	view_contenttype
21	Can add session	6	add_session
22	Can change session	6	change_session
23	Can delete session	6	delete_session
24	Can view session	6	view_session
25	Can add contact	7	add_contact
26	Can change contact	7	change_contact
27	Can delete contact	7	delete_contact
28	Can view contact	7	view_contact
29	Can add join	8	add_join
30	Can change join	8	change_join
31	Can delete join	8	delete_join
32	Can view join	8	view_join
33	Can add my admin	9	add_myadmin
34	Can change my admin	9	change_myadmin
35	Can delete my admin	9	delete_myadmin
36	Can view my admin	9	view_myadmin
37	Can add blog	10	add_blog
38	Can change blog	10	change_blog
39	Can delete blog	10	delete_blog
40	Can view blog	10	view_blog
\.


--
-- TOC entry 3462 (class 0 OID 16439)
-- Dependencies: 225
-- Data for Name: auth_user; Type: TABLE DATA; Schema: public; Owner: postgres
--

COPY public.auth_user (id, password, last_login, is_superuser, username, first_name, last_name, email, is_staff, is_active, date_joined) FROM stdin;
1	pbkdf2_sha256$870000$lXN27EbrFk8QYPokwsD6tt$PoCqBRwKszbMPMyIL95bxiXD6SKpsYlJ0Eb34/HTkKY=	2025-03-27 12:47:08.903876+05:30	t	user			user@gmail.com	t	t	2025-03-27 12:45:43.324616+05:30
\.


--
-- TOC entry 3464 (class 0 OID 16447)
-- Dependencies: 227
-- Data for Name: auth_user_groups; Type: TABLE DATA; Schema: public; Owner: postgres
--

COPY public.auth_user_groups (id, user_id, group_id) FROM stdin;
\.


--
-- TOC entry 3466 (class 0 OID 16453)
-- Dependencies: 229
-- Data for Name: auth_user_user_permissions; Type: TABLE DATA; Schema: public; Owner: postgres
--

COPY public.auth_user_user_permissions (id, user_id, permission_id) FROM stdin;
\.


--
-- TOC entry 3477 (class 0 OID 32777)
-- Dependencies: 240
-- Data for Name: blog; Type: TABLE DATA; Schema: public; Owner: postgres
--

COPY public.blog (id, title, type, first, second, conclusion, image, submitted_at, updated_at) FROM stdin;
\.


--
-- TOC entry 3468 (class 0 OID 16511)
-- Dependencies: 231
-- Data for Name: django_admin_log; Type: TABLE DATA; Schema: public; Owner: postgres
--

COPY public.django_admin_log (id, action_time, object_id, object_repr, action_flag, change_message, content_type_id, user_id) FROM stdin;
\.


--
-- TOC entry 3454 (class 0 OID 16411)
-- Dependencies: 217
-- Data for Name: django_content_type; Type: TABLE DATA; Schema: public; Owner: postgres
--

COPY public.django_content_type (id, app_label, model) FROM stdin;
1	admin	logentry
2	auth	permission
3	auth	group
4	auth	user
5	contenttypes	contenttype
6	sessions	session
7	urmilafoundation	contact
8	urmilafoundation	join
9	myadmin	myadmin
10	myadmin	blog
\.


--
-- TOC entry 3452 (class 0 OID 16403)
-- Dependencies: 215
-- Data for Name: django_migrations; Type: TABLE DATA; Schema: public; Owner: postgres
--

COPY public.django_migrations (id, app, name, applied) FROM stdin;
1	contenttypes	0001_initial	2025-03-27 12:44:35.434994+05:30
2	auth	0001_initial	2025-03-27 12:44:35.566904+05:30
3	admin	0001_initial	2025-03-27 12:44:35.599394+05:30
4	admin	0002_logentry_remove_auto_add	2025-03-27 12:44:35.607404+05:30
5	admin	0003_logentry_add_action_flag_choices	2025-03-27 12:44:35.619379+05:30
6	contenttypes	0002_remove_content_type_name	2025-03-27 12:44:35.657786+05:30
7	auth	0002_alter_permission_name_max_length	2025-03-27 12:44:35.667952+05:30
8	auth	0003_alter_user_email_max_length	2025-03-27 12:44:35.674853+05:30
9	auth	0004_alter_user_username_opts	2025-03-27 12:44:35.683082+05:30
10	auth	0005_alter_user_last_login_null	2025-03-27 12:44:35.695075+05:30
11	auth	0006_require_contenttypes_0002	2025-03-27 12:44:35.696074+05:30
12	auth	0007_alter_validators_add_error_messages	2025-03-27 12:44:35.70507+05:30
13	auth	0008_alter_user_username_max_length	2025-03-27 12:44:35.72406+05:30
14	auth	0009_alter_user_last_name_max_length	2025-03-27 12:44:35.73905+05:30
15	auth	0010_alter_group_name_max_length	2025-03-27 12:44:35.749054+05:30
16	auth	0011_update_proxy_permissions	2025-03-27 12:44:35.761036+05:30
17	auth	0012_alter_user_first_name_max_length	2025-03-27 12:44:35.769532+05:30
18	sessions	0001_initial	2025-03-27 12:44:35.788686+05:30
19	urmilafoundation	0001_initial	2025-04-01 11:39:44.878442+05:30
20	urmilafoundation	0002_join	2025-04-02 17:04:07.673789+05:30
21	myadmin	0001_initial	2025-04-05 12:32:43.824583+05:30
22	myadmin	0002_alter_myadmin_table	2025-04-05 12:49:00.532988+05:30
23	myadmin	0003_myadmin_last_login	2025-04-05 15:32:05.311141+05:30
24	myadmin	0004_blog	2025-04-07 13:17:29.605863+05:30
25	pdf	0001_initial	2025-04-10 16:03:45.678747+05:30
26	pdf	0002_alter_pdf_table	2025-04-10 16:09:23.60878+05:30
\.


--
-- TOC entry 3469 (class 0 OID 16539)
-- Dependencies: 232
-- Data for Name: django_session; Type: TABLE DATA; Schema: public; Owner: postgres
--

COPY public.django_session (session_key, session_data, expire_date) FROM stdin;
weyr0ax6rkbv1ldzuk6v95zuw8mb8b85	e30:1u10IK:cu8YNpql5HbZdNxcvYWPEMCJqULjiqPUROeNOUEGMt8	2025-04-19 15:28:32.611783+05:30
\.


--
-- TOC entry 3479 (class 0 OID 40961)
-- Dependencies: 242
-- Data for Name: pdf_bill; Type: TABLE DATA; Schema: public; Owner: postgres
--

COPY public.pdf_bill (id, fid, fdata, token, created_at) FROM stdin;
\.


--
-- TOC entry 3471 (class 0 OID 24577)
-- Dependencies: 234
-- Data for Name: urmilafoundation_contact; Type: TABLE DATA; Schema: public; Owner: postgres
--

COPY public.urmilafoundation_contact (id, name, email, phone, message, submitted_at) FROM stdin;
4	a	demo123@gmail.com	1234567890	a	2025-04-09 13:47:45.149855+05:30
5	s	qwe@fg.nm	1234567890	s	2025-04-09 13:47:59.524196+05:30
6	d	qwe@fg.nm	1234567890	d	2025-04-09 13:48:10.805018+05:30
7	qwerty	demo123@gmail.com	1234567890	qwerty	2025-04-09 14:47:14.465565+05:30
8	karandsf112	qwe@fg.nm	1234567890	fdgfdgd	2025-04-09 14:47:27.087338+05:30
9	demo	demo123@gmail.com	1234123456	dsfsdf	2025-04-09 14:47:43.355394+05:30
\.


--
-- TOC entry 3473 (class 0 OID 24585)
-- Dependencies: 236
-- Data for Name: urmilafoundation_join; Type: TABLE DATA; Schema: public; Owner: postgres
--

COPY public.urmilafoundation_join (id, name, email, phone, address, occupation, message, submitted_at) FROM stdin;
1	qwerty	fama@gmail.com	7879113912	qwerpur	asdf	qwerty	2025-04-02 17:11:46.859116+05:30
5	Divya	divya@gmail.com	1234598760	Kabirnagar	HR Manager	Applying for my friend	2025-04-03 13:15:24.158025+05:30
\.


--
-- TOC entry 3485 (class 0 OID 0)
-- Dependencies: 220
-- Name: auth_group_id_seq; Type: SEQUENCE SET; Schema: public; Owner: postgres
--

SELECT pg_catalog.setval('public.auth_group_id_seq', 1, false);


--
-- TOC entry 3486 (class 0 OID 0)
-- Dependencies: 222
-- Name: auth_group_permissions_id_seq; Type: SEQUENCE SET; Schema: public; Owner: postgres
--

SELECT pg_catalog.setval('public.auth_group_permissions_id_seq', 1, false);


--
-- TOC entry 3487 (class 0 OID 0)
-- Dependencies: 218
-- Name: auth_permission_id_seq; Type: SEQUENCE SET; Schema: public; Owner: postgres
--

SELECT pg_catalog.setval('public.auth_permission_id_seq', 40, true);


--
-- TOC entry 3488 (class 0 OID 0)
-- Dependencies: 226
-- Name: auth_user_groups_id_seq; Type: SEQUENCE SET; Schema: public; Owner: postgres
--

SELECT pg_catalog.setval('public.auth_user_groups_id_seq', 1, false);


--
-- TOC entry 3489 (class 0 OID 0)
-- Dependencies: 224
-- Name: auth_user_id_seq; Type: SEQUENCE SET; Schema: public; Owner: postgres
--

SELECT pg_catalog.setval('public.auth_user_id_seq', 1, true);


--
-- TOC entry 3490 (class 0 OID 0)
-- Dependencies: 228
-- Name: auth_user_user_permissions_id_seq; Type: SEQUENCE SET; Schema: public; Owner: postgres
--

SELECT pg_catalog.setval('public.auth_user_user_permissions_id_seq', 1, false);


--
-- TOC entry 3491 (class 0 OID 0)
-- Dependencies: 239
-- Name: blog_id_seq; Type: SEQUENCE SET; Schema: public; Owner: postgres
--

SELECT pg_catalog.setval('public.blog_id_seq', 2, true);


--
-- TOC entry 3492 (class 0 OID 0)
-- Dependencies: 230
-- Name: django_admin_log_id_seq; Type: SEQUENCE SET; Schema: public; Owner: postgres
--

SELECT pg_catalog.setval('public.django_admin_log_id_seq', 1, false);


--
-- TOC entry 3493 (class 0 OID 0)
-- Dependencies: 216
-- Name: django_content_type_id_seq; Type: SEQUENCE SET; Schema: public; Owner: postgres
--

SELECT pg_catalog.setval('public.django_content_type_id_seq', 10, true);


--
-- TOC entry 3494 (class 0 OID 0)
-- Dependencies: 214
-- Name: django_migrations_id_seq; Type: SEQUENCE SET; Schema: public; Owner: postgres
--

SELECT pg_catalog.setval('public.django_migrations_id_seq', 26, true);


--
-- TOC entry 3495 (class 0 OID 0)
-- Dependencies: 237
-- Name: myadmin_myadmin_id_seq; Type: SEQUENCE SET; Schema: public; Owner: postgres
--

SELECT pg_catalog.setval('public.myadmin_myadmin_id_seq', 3, true);


--
-- TOC entry 3496 (class 0 OID 0)
-- Dependencies: 241
-- Name: pdf_pdf_id_seq; Type: SEQUENCE SET; Schema: public; Owner: postgres
--

SELECT pg_catalog.setval('public.pdf_pdf_id_seq', 1, false);


--
-- TOC entry 3497 (class 0 OID 0)
-- Dependencies: 233
-- Name: urmilafoundation_contact_id_seq; Type: SEQUENCE SET; Schema: public; Owner: postgres
--

SELECT pg_catalog.setval('public.urmilafoundation_contact_id_seq', 9, true);


--
-- TOC entry 3498 (class 0 OID 0)
-- Dependencies: 235
-- Name: urmilafoundation_join_id_seq; Type: SEQUENCE SET; Schema: public; Owner: postgres
--

SELECT pg_catalog.setval('public.urmilafoundation_join_id_seq', 5, true);


--
-- TOC entry 3256 (class 2606 OID 16537)
-- Name: auth_group auth_group_name_key; Type: CONSTRAINT; Schema: public; Owner: postgres
--

ALTER TABLE ONLY public.auth_group
    ADD CONSTRAINT auth_group_name_key UNIQUE (name);


--
-- TOC entry 3261 (class 2606 OID 16468)
-- Name: auth_group_permissions auth_group_permissions_group_id_permission_id_0cd325b0_uniq; Type: CONSTRAINT; Schema: public; Owner: postgres
--

ALTER TABLE ONLY public.auth_group_permissions
    ADD CONSTRAINT auth_group_permissions_group_id_permission_id_0cd325b0_uniq UNIQUE (group_id, permission_id);


--
-- TOC entry 3264 (class 2606 OID 16437)
-- Name: auth_group_permissions auth_group_permissions_pkey; Type: CONSTRAINT; Schema: public; Owner: postgres
--

ALTER TABLE ONLY public.auth_group_permissions
    ADD CONSTRAINT auth_group_permissions_pkey PRIMARY KEY (id);


--
-- TOC entry 3258 (class 2606 OID 16429)
-- Name: auth_group auth_group_pkey; Type: CONSTRAINT; Schema: public; Owner: postgres
--

ALTER TABLE ONLY public.auth_group
    ADD CONSTRAINT auth_group_pkey PRIMARY KEY (id);


--
-- TOC entry 3251 (class 2606 OID 16459)
-- Name: auth_permission auth_permission_content_type_id_codename_01ab375a_uniq; Type: CONSTRAINT; Schema: public; Owner: postgres
--

ALTER TABLE ONLY public.auth_permission
    ADD CONSTRAINT auth_permission_content_type_id_codename_01ab375a_uniq UNIQUE (content_type_id, codename);


--
-- TOC entry 3253 (class 2606 OID 16423)
-- Name: auth_permission auth_permission_pkey; Type: CONSTRAINT; Schema: public; Owner: postgres
--

ALTER TABLE ONLY public.auth_permission
    ADD CONSTRAINT auth_permission_pkey PRIMARY KEY (id);


--
-- TOC entry 3272 (class 2606 OID 16451)
-- Name: auth_user_groups auth_user_groups_pkey; Type: CONSTRAINT; Schema: public; Owner: postgres
--

ALTER TABLE ONLY public.auth_user_groups
    ADD CONSTRAINT auth_user_groups_pkey PRIMARY KEY (id);


--
-- TOC entry 3275 (class 2606 OID 16483)
-- Name: auth_user_groups auth_user_groups_user_id_group_id_94350c0c_uniq; Type: CONSTRAINT; Schema: public; Owner: postgres
--

ALTER TABLE ONLY public.auth_user_groups
    ADD CONSTRAINT auth_user_groups_user_id_group_id_94350c0c_uniq UNIQUE (user_id, group_id);


--
-- TOC entry 3266 (class 2606 OID 16443)
-- Name: auth_user auth_user_pkey; Type: CONSTRAINT; Schema: public; Owner: postgres
--

ALTER TABLE ONLY public.auth_user
    ADD CONSTRAINT auth_user_pkey PRIMARY KEY (id);


--
-- TOC entry 3278 (class 2606 OID 16457)
-- Name: auth_user_user_permissions auth_user_user_permissions_pkey; Type: CONSTRAINT; Schema: public; Owner: postgres
--

ALTER TABLE ONLY public.auth_user_user_permissions
    ADD CONSTRAINT auth_user_user_permissions_pkey PRIMARY KEY (id);


--
-- TOC entry 3281 (class 2606 OID 16497)
-- Name: auth_user_user_permissions auth_user_user_permissions_user_id_permission_id_14a6b632_uniq; Type: CONSTRAINT; Schema: public; Owner: postgres
--

ALTER TABLE ONLY public.auth_user_user_permissions
    ADD CONSTRAINT auth_user_user_permissions_user_id_permission_id_14a6b632_uniq UNIQUE (user_id, permission_id);


--
-- TOC entry 3269 (class 2606 OID 16532)
-- Name: auth_user auth_user_username_key; Type: CONSTRAINT; Schema: public; Owner: postgres
--

ALTER TABLE ONLY public.auth_user
    ADD CONSTRAINT auth_user_username_key UNIQUE (username);


--
-- TOC entry 3297 (class 2606 OID 32783)
-- Name: blog blog_pkey; Type: CONSTRAINT; Schema: public; Owner: postgres
--

ALTER TABLE ONLY public.blog
    ADD CONSTRAINT blog_pkey PRIMARY KEY (id);


--
-- TOC entry 3284 (class 2606 OID 16518)
-- Name: django_admin_log django_admin_log_pkey; Type: CONSTRAINT; Schema: public; Owner: postgres
--

ALTER TABLE ONLY public.django_admin_log
    ADD CONSTRAINT django_admin_log_pkey PRIMARY KEY (id);


--
-- TOC entry 3246 (class 2606 OID 16417)
-- Name: django_content_type django_content_type_app_label_model_76bd3d3b_uniq; Type: CONSTRAINT; Schema: public; Owner: postgres
--

ALTER TABLE ONLY public.django_content_type
    ADD CONSTRAINT django_content_type_app_label_model_76bd3d3b_uniq UNIQUE (app_label, model);


--
-- TOC entry 3248 (class 2606 OID 16415)
-- Name: django_content_type django_content_type_pkey; Type: CONSTRAINT; Schema: public; Owner: postgres
--

ALTER TABLE ONLY public.django_content_type
    ADD CONSTRAINT django_content_type_pkey PRIMARY KEY (id);


--
-- TOC entry 3244 (class 2606 OID 16409)
-- Name: django_migrations django_migrations_pkey; Type: CONSTRAINT; Schema: public; Owner: postgres
--

ALTER TABLE ONLY public.django_migrations
    ADD CONSTRAINT django_migrations_pkey PRIMARY KEY (id);


--
-- TOC entry 3288 (class 2606 OID 16545)
-- Name: django_session django_session_pkey; Type: CONSTRAINT; Schema: public; Owner: postgres
--

ALTER TABLE ONLY public.django_session
    ADD CONSTRAINT django_session_pkey PRIMARY KEY (session_key);


--
-- TOC entry 3295 (class 2606 OID 32775)
-- Name: admin myadmin_myadmin_pkey; Type: CONSTRAINT; Schema: public; Owner: postgres
--

ALTER TABLE ONLY public.admin
    ADD CONSTRAINT myadmin_myadmin_pkey PRIMARY KEY (id);


--
-- TOC entry 3299 (class 2606 OID 40967)
-- Name: pdf_bill pdf_pdf_pkey; Type: CONSTRAINT; Schema: public; Owner: postgres
--

ALTER TABLE ONLY public.pdf_bill
    ADD CONSTRAINT pdf_pdf_pkey PRIMARY KEY (id);


--
-- TOC entry 3291 (class 2606 OID 24583)
-- Name: urmilafoundation_contact urmilafoundation_contact_pkey; Type: CONSTRAINT; Schema: public; Owner: postgres
--

ALTER TABLE ONLY public.urmilafoundation_contact
    ADD CONSTRAINT urmilafoundation_contact_pkey PRIMARY KEY (id);


--
-- TOC entry 3293 (class 2606 OID 24591)
-- Name: urmilafoundation_join urmilafoundation_join_pkey; Type: CONSTRAINT; Schema: public; Owner: postgres
--

ALTER TABLE ONLY public.urmilafoundation_join
    ADD CONSTRAINT urmilafoundation_join_pkey PRIMARY KEY (id);


--
-- TOC entry 3254 (class 1259 OID 16538)
-- Name: auth_group_name_a6ea08ec_like; Type: INDEX; Schema: public; Owner: postgres
--

CREATE INDEX auth_group_name_a6ea08ec_like ON public.auth_group USING btree (name varchar_pattern_ops);


--
-- TOC entry 3259 (class 1259 OID 16479)
-- Name: auth_group_permissions_group_id_b120cbf9; Type: INDEX; Schema: public; Owner: postgres
--

CREATE INDEX auth_group_permissions_group_id_b120cbf9 ON public.auth_group_permissions USING btree (group_id);


--
-- TOC entry 3262 (class 1259 OID 16480)
-- Name: auth_group_permissions_permission_id_84c5c92e; Type: INDEX; Schema: public; Owner: postgres
--

CREATE INDEX auth_group_permissions_permission_id_84c5c92e ON public.auth_group_permissions USING btree (permission_id);


--
-- TOC entry 3249 (class 1259 OID 16465)
-- Name: auth_permission_content_type_id_2f476e4b; Type: INDEX; Schema: public; Owner: postgres
--

CREATE INDEX auth_permission_content_type_id_2f476e4b ON public.auth_permission USING btree (content_type_id);


--
-- TOC entry 3270 (class 1259 OID 16495)
-- Name: auth_user_groups_group_id_97559544; Type: INDEX; Schema: public; Owner: postgres
--

CREATE INDEX auth_user_groups_group_id_97559544 ON public.auth_user_groups USING btree (group_id);


--
-- TOC entry 3273 (class 1259 OID 16494)
-- Name: auth_user_groups_user_id_6a12ed8b; Type: INDEX; Schema: public; Owner: postgres
--

CREATE INDEX auth_user_groups_user_id_6a12ed8b ON public.auth_user_groups USING btree (user_id);


--
-- TOC entry 3276 (class 1259 OID 16509)
-- Name: auth_user_user_permissions_permission_id_1fbb5f2c; Type: INDEX; Schema: public; Owner: postgres
--

CREATE INDEX auth_user_user_permissions_permission_id_1fbb5f2c ON public.auth_user_user_permissions USING btree (permission_id);


--
-- TOC entry 3279 (class 1259 OID 16508)
-- Name: auth_user_user_permissions_user_id_a95ead1b; Type: INDEX; Schema: public; Owner: postgres
--

CREATE INDEX auth_user_user_permissions_user_id_a95ead1b ON public.auth_user_user_permissions USING btree (user_id);


--
-- TOC entry 3267 (class 1259 OID 16533)
-- Name: auth_user_username_6821ab7c_like; Type: INDEX; Schema: public; Owner: postgres
--

CREATE INDEX auth_user_username_6821ab7c_like ON public.auth_user USING btree (username varchar_pattern_ops);


--
-- TOC entry 3282 (class 1259 OID 16529)
-- Name: django_admin_log_content_type_id_c4bce8eb; Type: INDEX; Schema: public; Owner: postgres
--

CREATE INDEX django_admin_log_content_type_id_c4bce8eb ON public.django_admin_log USING btree (content_type_id);


--
-- TOC entry 3285 (class 1259 OID 16530)
-- Name: django_admin_log_user_id_c564eba6; Type: INDEX; Schema: public; Owner: postgres
--

CREATE INDEX django_admin_log_user_id_c564eba6 ON public.django_admin_log USING btree (user_id);


--
-- TOC entry 3286 (class 1259 OID 16547)
-- Name: django_session_expire_date_a5c62663; Type: INDEX; Schema: public; Owner: postgres
--

CREATE INDEX django_session_expire_date_a5c62663 ON public.django_session USING btree (expire_date);


--
-- TOC entry 3289 (class 1259 OID 16546)
-- Name: django_session_session_key_c0390e0f_like; Type: INDEX; Schema: public; Owner: postgres
--

CREATE INDEX django_session_session_key_c0390e0f_like ON public.django_session USING btree (session_key varchar_pattern_ops);


--
-- TOC entry 3301 (class 2606 OID 16474)
-- Name: auth_group_permissions auth_group_permissio_permission_id_84c5c92e_fk_auth_perm; Type: FK CONSTRAINT; Schema: public; Owner: postgres
--

ALTER TABLE ONLY public.auth_group_permissions
    ADD CONSTRAINT auth_group_permissio_permission_id_84c5c92e_fk_auth_perm FOREIGN KEY (permission_id) REFERENCES public.auth_permission(id) DEFERRABLE INITIALLY DEFERRED;


--
-- TOC entry 3302 (class 2606 OID 16469)
-- Name: auth_group_permissions auth_group_permissions_group_id_b120cbf9_fk_auth_group_id; Type: FK CONSTRAINT; Schema: public; Owner: postgres
--

ALTER TABLE ONLY public.auth_group_permissions
    ADD CONSTRAINT auth_group_permissions_group_id_b120cbf9_fk_auth_group_id FOREIGN KEY (group_id) REFERENCES public.auth_group(id) DEFERRABLE INITIALLY DEFERRED;


--
-- TOC entry 3300 (class 2606 OID 16460)
-- Name: auth_permission auth_permission_content_type_id_2f476e4b_fk_django_co; Type: FK CONSTRAINT; Schema: public; Owner: postgres
--

ALTER TABLE ONLY public.auth_permission
    ADD CONSTRAINT auth_permission_content_type_id_2f476e4b_fk_django_co FOREIGN KEY (content_type_id) REFERENCES public.django_content_type(id) DEFERRABLE INITIALLY DEFERRED;


--
-- TOC entry 3303 (class 2606 OID 16489)
-- Name: auth_user_groups auth_user_groups_group_id_97559544_fk_auth_group_id; Type: FK CONSTRAINT; Schema: public; Owner: postgres
--

ALTER TABLE ONLY public.auth_user_groups
    ADD CONSTRAINT auth_user_groups_group_id_97559544_fk_auth_group_id FOREIGN KEY (group_id) REFERENCES public.auth_group(id) DEFERRABLE INITIALLY DEFERRED;


--
-- TOC entry 3304 (class 2606 OID 16484)
-- Name: auth_user_groups auth_user_groups_user_id_6a12ed8b_fk_auth_user_id; Type: FK CONSTRAINT; Schema: public; Owner: postgres
--

ALTER TABLE ONLY public.auth_user_groups
    ADD CONSTRAINT auth_user_groups_user_id_6a12ed8b_fk_auth_user_id FOREIGN KEY (user_id) REFERENCES public.auth_user(id) DEFERRABLE INITIALLY DEFERRED;


--
-- TOC entry 3305 (class 2606 OID 16503)
-- Name: auth_user_user_permissions auth_user_user_permi_permission_id_1fbb5f2c_fk_auth_perm; Type: FK CONSTRAINT; Schema: public; Owner: postgres
--

ALTER TABLE ONLY public.auth_user_user_permissions
    ADD CONSTRAINT auth_user_user_permi_permission_id_1fbb5f2c_fk_auth_perm FOREIGN KEY (permission_id) REFERENCES public.auth_permission(id) DEFERRABLE INITIALLY DEFERRED;


--
-- TOC entry 3306 (class 2606 OID 16498)
-- Name: auth_user_user_permissions auth_user_user_permissions_user_id_a95ead1b_fk_auth_user_id; Type: FK CONSTRAINT; Schema: public; Owner: postgres
--

ALTER TABLE ONLY public.auth_user_user_permissions
    ADD CONSTRAINT auth_user_user_permissions_user_id_a95ead1b_fk_auth_user_id FOREIGN KEY (user_id) REFERENCES public.auth_user(id) DEFERRABLE INITIALLY DEFERRED;


--
-- TOC entry 3307 (class 2606 OID 16519)
-- Name: django_admin_log django_admin_log_content_type_id_c4bce8eb_fk_django_co; Type: FK CONSTRAINT; Schema: public; Owner: postgres
--

ALTER TABLE ONLY public.django_admin_log
    ADD CONSTRAINT django_admin_log_content_type_id_c4bce8eb_fk_django_co FOREIGN KEY (content_type_id) REFERENCES public.django_content_type(id) DEFERRABLE INITIALLY DEFERRED;


--
-- TOC entry 3308 (class 2606 OID 16524)
-- Name: django_admin_log django_admin_log_user_id_c564eba6_fk_auth_user_id; Type: FK CONSTRAINT; Schema: public; Owner: postgres
--

ALTER TABLE ONLY public.django_admin_log
    ADD CONSTRAINT django_admin_log_user_id_c564eba6_fk_auth_user_id FOREIGN KEY (user_id) REFERENCES public.auth_user(id) DEFERRABLE INITIALLY DEFERRED;


-- Completed on 2025-04-10 17:17:36

--
-- PostgreSQL database dump complete
--

